,Faithfulness,Answer Relevancy,Context Precision,Context Recall,Average
Haystack BM25,0.975,0.9303812973287956,0.841249999978823,0.9,0.9116578243269046
Simple RAG,0.95,0.8404261612519068,0.8776388888674156,0.95,0.9045162625298306
Haystack Semantic,0.9,0.8257886478789509,0.8776388888674156,0.95,0.8883568841865916
LangChain RAG,0.919047619047619,0.8508057066771431,0.8776388888674156,0.9,0.8868730536480444
